year,month,central_lat,central_lon,mean_flux,TPM_flux,CO2_flux,CO_flux,CH4_flux
2020,August,-3.25,-71.75,0.0,0.0,0.0,0.0,0.0
2020,August,-3.25,-71.25,0.0,0.0,0.0,0.0,0.0
2020,August,-3.25,-70.75,0.0,0.0,0.0,0.0,0.0
2020,August,-3.25,-70.25,0.0,0.0,0.0,0.0,0.0
2020,August,-3.25,-69.75,0.0,0.0,0.0,0.0,0.0
2020,August,-3.25,-69.25,0.0,0.0,0.0,0.0,0.0
2020,August,-3.25,-68.75,0.0,0.0,0.0,0.0,0.0
2020,August,-3.25,-68.25,0.0,0.0,0.0,0.0,0.0
2020,August,-3.25,-67.75,0.0,0.0,0.0,0.0,0.0
2020,August,-3.25,-67.25,0.0,0.0,0.0,0.0,0.0
2020,August,-3.25,-66.75,0.0,0.0,0.0,0.0,0.0
2020,August,-3.25,-66.25,0.0,0.0,0.0,0.0,0.0
2020,August,-3.25,-65.75,0.0,0.0,0.0,0.0,0.0
2020,August,-3.25,-65.25,0.0,0.0,0.0,0.0,0.0
2020,August,-3.25,-64.75,0.0,0.0,0.0,0.0,0.0
2020,August,-3.25,-64.25,0.0,0.0,0.0,0.0,0.0
2020,August,-3.25,-63.75,0.0,0.0,0.0,0.0,0.0
2020,August,-3.25,-63.25,0.0,0.0,0.0,0.0,0.0
2020,August,-3.25,-62.75,0.0,0.0,0.0,0.0,0.0
2020,August,-3.25,-62.25,0.0,0.0,0.0,0.0,0.0
2020,August,-3.25,-61.75,0.0,0.0,0.0,0.0,0.0
2020,August,-3.25,-61.25,0.0,0.0,0.0,0.0,0.0
2020,August,-3.25,-60.75,0.0,0.0,0.0,0.0,0.0
2020,August,-3.25,-60.25,0.0,0.0,0.0,0.0,0.0
2020,August,-3.25,-59.75,0.0,0.0,0.0,0.0,0.0
2020,August,-3.25,-59.25,0.0,0.0,0.0,0.0,0.0
2020,August,-3.25,-58.75,0.0,0.0,0.0,0.0,0.0
2020,August,-3.25,-58.25,0.0,0.0,0.0,0.0,0.0
2020,August,-3.25,-57.75,0.0,0.0,0.0,0.0,0.0
2020,August,-3.25,-57.25,0.0,0.0,0.0,0.0,0.0
2020,August,-3.25,-56.75,0.0,0.0,0.0,0.0,0.0
2020,August,-3.25,-56.25,0.0,0.0,0.0,0.0,0.0
2020,August,-3.25,-55.75,0.0,0.0,0.0,0.0,0.0
2020,August,-3.25,-55.25,0.0,0.0,0.0,0.0,0.0
2020,August,-3.25,-54.75,0.0,0.0,0.0,0.0,0.0
2020,August,-3.25,-54.25,0.0,0.0,0.0,0.0,0.0
2020,August,-3.25,-53.75,0.0,0.0,0.0,0.0,0.0
2020,August,-3.25,-53.25,0.0,0.0,0.0,0.0,0.0
2020,August,-3.25,-52.75,0.0,0.0,0.0,0.0,0.0
2020,August,-3.25,-52.25,0.0,0.0,0.0,0.0,0.0
2020,August,-3.25,-51.75,0.0,0.0,0.0,0.0,0.0
2020,August,-3.25,-51.25,0.0,0.0,0.0,0.0,0.0
2020,August,-3.25,-50.75,0.0,0.0,0.0,0.0,0.0
2020,August,-3.25,-50.25,0.0,0.0,0.0,0.0,0.0
2020,August,-3.25,-49.75,0.0,0.0,0.0,0.0,0.0
2020,August,-3.25,-49.25,0.0,0.0,0.0,0.0,0.0
2020,August,-3.25,-48.75,0.004202783573418856,6.43025923636742e-05,0.011973585933446884,0.0007686746539548039,4.8042165872175246e-05
2020,August,-3.25,-48.25,0.0,0.0,0.0,0.0,0.0
2020,August,-3.75,-71.75,0.0,0.0,0.0,0.0,0.0
2020,August,-3.75,-71.25,0.0,0.0,0.0,0.0,0.0
2020,August,-3.75,-70.75,0.0,0.0,0.0,0.0,0.0
2020,August,-3.75,-70.25,0.0,0.0,0.0,0.0,0.0
2020,August,-3.75,-69.75,0.0,0.0,0.0,0.0,0.0
2020,August,-3.75,-69.25,0.0,0.0,0.0,0.0,0.0
2020,August,-3.75,-68.75,0.0,0.0,0.0,0.0,0.0
2020,August,-3.75,-68.25,0.0,0.0,0.0,0.0,0.0
2020,August,-3.75,-67.75,0.0,0.0,0.0,0.0,0.0
2020,August,-3.75,-67.25,0.0,0.0,0.0,0.0,0.0
2020,August,-3.75,-66.75,0.0,0.0,0.0,0.0,0.0
2020,August,-3.75,-66.25,0.0,0.0,0.0,0.0,0.0
2020,August,-3.75,-65.75,0.0,0.0,0.0,0.0,0.0
2020,August,-3.75,-65.25,0.0,0.0,0.0,0.0,0.0
2020,August,-3.75,-64.75,0.0,0.0,0.0,0.0,0.0
2020,August,-3.75,-64.25,0.0,0.0,0.0,0.0,0.0
2020,August,-3.75,-63.75,0.0,0.0,0.0,0.0,0.0
2020,August,-3.75,-63.25,0.0,0.0,0.0,0.0,0.0
2020,August,-3.75,-62.75,0.0,0.0,0.0,0.0,0.0
2020,August,-3.75,-62.25,0.0,0.0,0.0,0.0,0.0
2020,August,-3.75,-61.75,0.0,0.0,0.0,0.0,0.0
2020,August,-3.75,-61.25,0.0,0.0,0.0,0.0,0.0
2020,August,-3.75,-60.75,0.0,0.0,0.0,0.0,0.0
2020,August,-3.75,-60.25,0.0,0.0,0.0,0.0,0.0
2020,August,-3.75,-59.75,0.0,0.0,0.0,0.0,0.0
2020,August,-3.75,-59.25,0.0,0.0,0.0,0.0,0.0
2020,August,-3.75,-58.75,0.0,0.0,0.0,0.0,0.0
2020,August,-3.75,-58.25,0.0,0.0,0.0,0.0,0.0
2020,August,-3.75,-57.75,0.0,0.0,0.0,0.0,0.0
2020,August,-3.75,-57.25,0.0,0.0,0.0,0.0,0.0
2020,August,-3.75,-56.75,0.0,0.0,0.0,0.0,0.0
2020,August,-3.75,-56.25,0.0,0.0,0.0,0.0,0.0
2020,August,-3.75,-55.75,0.0,0.0,0.0,0.0,0.0
2020,August,-3.75,-55.25,0.0,0.0,0.0,0.0,0.0
2020,August,-3.75,-54.75,0.0,0.0,0.0,0.0,0.0
2020,August,-3.75,-54.25,0.0,0.0,0.0,0.0,0.0
2020,August,-3.75,-53.75,0.0,0.0,0.0,0.0,0.0
2020,August,-3.75,-53.25,0.0,0.0,0.0,0.0,0.0
2020,August,-3.75,-52.75,0.0,0.0,0.0,0.0,0.0
2020,August,-3.75,-52.25,0.0,0.0,0.0,0.0,0.0
2020,August,-3.75,-51.75,0.0,0.0,0.0,0.0,0.0
2020,August,-3.75,-51.25,0.0,0.0,0.0,0.0,0.0
2020,August,-3.75,-50.75,0.0,0.0,0.0,0.0,0.0
2020,August,-3.75,-50.25,0.0,0.0,0.0,0.0,0.0
2020,August,-3.75,-49.75,0.0,0.0,0.0,0.0,0.0
2020,August,-3.75,-49.25,0.0,0.0,0.0,0.0,0.0
2020,August,-3.75,-48.75,0.0,0.0,0.0,0.0,0.0
2020,August,-3.75,-48.25,0.0,0.0,0.0,0.0,0.0
2020,August,-4.25,-71.75,0.0,0.0,0.0,0.0,0.0
2020,August,-4.25,-71.25,0.0,0.0,0.0,0.0,0.0
2020,August,-4.25,-70.75,0.0,0.0,0.0,0.0,0.0
2020,August,-4.25,-70.25,0.0,0.0,0.0,0.0,0.0
2020,August,-4.25,-69.75,0.0,0.0,0.0,0.0,0.0
2020,August,-4.25,-69.25,0.0,0.0,0.0,0.0,0.0
2020,August,-4.25,-68.75,0.0,0.0,0.0,0.0,0.0
2020,August,-4.25,-68.25,0.0,0.0,0.0,0.0,0.0
2020,August,-4.25,-67.75,0.0,0.0,0.0,0.0,0.0
2020,August,-4.25,-67.25,0.0,0.0,0.0,0.0,0.0
2020,August,-4.25,-66.75,0.0,0.0,0.0,0.0,0.0
2020,August,-4.25,-66.25,0.0,0.0,0.0,0.0,0.0
2020,August,-4.25,-65.75,0.0,0.0,0.0,0.0,0.0
2020,August,-4.25,-65.25,0.0,0.0,0.0,0.0,0.0
2020,August,-4.25,-64.75,0.0,0.0,0.0,0.0,0.0
2020,August,-4.25,-64.25,0.0,0.0,0.0,0.0,0.0
2020,August,-4.25,-63.75,0.0,0.0,0.0,0.0,0.0
2020,August,-4.25,-63.25,0.0,0.0,0.0,0.0,0.0
2020,August,-4.25,-62.75,0.0,0.0,0.0,0.0,0.0
2020,August,-4.25,-62.25,0.0,0.0,0.0,0.0,0.0
2020,August,-4.25,-61.75,0.0,0.0,0.0,0.0,0.0
2020,August,-4.25,-61.25,0.0,0.0,0.0,0.0,0.0
2020,August,-4.25,-60.75,0.0,0.0,0.0,0.0,0.0
2020,August,-4.25,-60.25,0.0,0.0,0.0,0.0,0.0
2020,August,-4.25,-59.75,0.0,0.0,0.0,0.0,0.0
2020,August,-4.25,-59.25,0.0,0.0,0.0,0.0,0.0
2020,August,-4.25,-58.75,0.0,0.0,0.0,0.0,0.0
2020,August,-4.25,-58.25,0.0,0.0,0.0,0.0,0.0
2020,August,-4.25,-57.75,0.0,0.0,0.0,0.0,0.0
2020,August,-4.25,-57.25,0.0,0.0,0.0,0.0,0.0
2020,August,-4.25,-56.75,0.0,0.0,0.0,0.0,0.0
2020,August,-4.25,-56.25,0.0,0.0,0.0,0.0,0.0
2020,August,-4.25,-55.75,0.0,0.0,0.0,0.0,0.0
2020,August,-4.25,-55.25,0.0,0.0,0.0,0.0,0.0
2020,August,-4.25,-54.75,0.0,0.0,0.0,0.0,0.0
2020,August,-4.25,-54.25,0.0,0.0,0.0,0.0,0.0
2020,August,-4.25,-53.75,0.0,0.0,0.0,0.0,0.0
2020,August,-4.25,-53.25,0.0,0.0,0.0,0.0,0.0
2020,August,-4.25,-52.75,0.0,0.0,0.0,0.0,0.0
2020,August,-4.25,-52.25,0.0,0.0,0.0,0.0,0.0
2020,August,-4.25,-51.75,0.0,0.0,0.0,0.0,0.0
2020,August,-4.25,-51.25,0.0,0.0,0.0,0.0,0.0
2020,August,-4.25,-50.75,0.0,0.0,0.0,0.0,0.0
2020,August,-4.25,-50.25,0.0,0.0,0.0,0.0,0.0
2020,August,-4.25,-49.75,0.0,0.0,0.0,0.0,0.0
2020,August,-4.25,-49.25,0.0,0.0,0.0,0.0,0.0
2020,August,-4.25,-48.75,0.0,0.0,0.0,0.0,0.0
2020,August,-4.25,-48.25,0.004609162453562021,0.00010877623572014272,0.020254885777831078,0.0013003136264160275,8.126960165100172e-05
2020,August,-4.75,-71.75,0.0,0.0,0.0,0.0,0.0
2020,August,-4.75,-71.25,0.0,0.0,0.0,0.0,0.0
2020,August,-4.75,-70.75,0.0,0.0,0.0,0.0,0.0
2020,August,-4.75,-70.25,0.0,0.0,0.0,0.0,0.0
2020,August,-4.75,-69.75,0.0,0.0,0.0,0.0,0.0
2020,August,-4.75,-69.25,0.0,0.0,0.0,0.0,0.0
2020,August,-4.75,-68.75,0.0,0.0,0.0,0.0,0.0
2020,August,-4.75,-68.25,0.0,0.0,0.0,0.0,0.0
2020,August,-4.75,-67.75,0.0,0.0,0.0,0.0,0.0
2020,August,-4.75,-67.25,0.0,0.0,0.0,0.0,0.0
2020,August,-4.75,-66.75,0.0,0.0,0.0,0.0,0.0
2020,August,-4.75,-66.25,0.0,0.0,0.0,0.0,0.0
2020,August,-4.75,-65.75,0.0,0.0,0.0,0.0,0.0
2020,August,-4.75,-65.25,0.0,0.0,0.0,0.0,0.0
2020,August,-4.75,-64.75,0.0,0.0,0.0,0.0,0.0
2020,August,-4.75,-64.25,0.0,0.0,0.0,0.0,0.0
2020,August,-4.75,-63.75,0.0,0.0,0.0,0.0,0.0
2020,August,-4.75,-63.25,0.0,0.0,0.0,0.0,0.0
2020,August,-4.75,-62.75,0.0,0.0,0.0,0.0,0.0
2020,August,-4.75,-62.25,0.0,0.0,0.0,0.0,0.0
2020,August,-4.75,-61.75,0.0,0.0,0.0,0.0,0.0
2020,August,-4.75,-61.25,0.0,0.0,0.0,0.0,0.0
2020,August,-4.75,-60.75,0.0,0.0,0.0,0.0,0.0
2020,August,-4.75,-60.25,0.0,0.0,0.0,0.0,0.0
2020,August,-4.75,-59.75,0.0,0.0,0.0,0.0,0.0
2020,August,-4.75,-59.25,0.0,0.0,0.0,0.0,0.0
2020,August,-4.75,-58.75,0.0,0.0,0.0,0.0,0.0
2020,August,-4.75,-58.25,0.0,0.0,0.0,0.0,0.0
2020,August,-4.75,-57.75,0.0,0.0,0.0,0.0,0.0
2020,August,-4.75,-57.25,0.0,0.0,0.0,0.0,0.0
2020,August,-4.75,-56.75,0.0,0.0,0.0,0.0,0.0
2020,August,-4.75,-56.25,0.0,0.0,0.0,0.0,0.0
2020,August,-4.75,-55.75,0.0,0.0,0.0,0.0,0.0
2020,August,-4.75,-55.25,0.0,0.0,0.0,0.0,0.0
2020,August,-4.75,-54.75,0.0,0.0,0.0,0.0,0.0
2020,August,-4.75,-54.25,0.0,0.0,0.0,0.0,0.0
2020,August,-4.75,-53.75,0.0,0.0,0.0,0.0,0.0
2020,August,-4.75,-53.25,0.0,0.0,0.0,0.0,0.0
2020,August,-4.75,-52.75,0.0,0.0,0.0,0.0,0.0
2020,August,-4.75,-52.25,0.0,0.0,0.0,0.0,0.0
2020,August,-4.75,-51.75,0.0,0.0,0.0,0.0,0.0
2020,August,-4.75,-51.25,0.0,0.0,0.0,0.0,0.0
2020,August,-4.75,-50.75,0.0,0.0,0.0,0.0,0.0
2020,August,-4.75,-50.25,0.0,0.0,0.0,0.0,0.0
2020,August,-4.75,-49.75,0.0,0.0,0.0,0.0,0.0
2020,August,-4.75,-49.25,0.0,0.0,0.0,0.0,0.0
2020,August,-4.75,-48.75,0.0,0.0,0.0,0.0,0.0
2020,August,-4.75,-48.25,0.0,0.0,0.0,0.0,0.0
2020,August,-5.25,-71.75,0.0,0.0,0.0,0.0,0.0
2020,August,-5.25,-71.25,0.0,0.0,0.0,0.0,0.0
2020,August,-5.25,-70.75,0.0,0.0,0.0,0.0,0.0
2020,August,-5.25,-70.25,0.0,0.0,0.0,0.0,0.0
2020,August,-5.25,-69.75,0.0,0.0,0.0,0.0,0.0
2020,August,-5.25,-69.25,0.0,0.0,0.0,0.0,0.0
2020,August,-5.25,-68.75,0.0,0.0,0.0,0.0,0.0
2020,August,-5.25,-68.25,0.0,0.0,0.0,0.0,0.0
2020,August,-5.25,-67.75,0.0,0.0,0.0,0.0,0.0
2020,August,-5.25,-67.25,0.0,0.0,0.0,0.0,0.0
2020,August,-5.25,-66.75,0.0,0.0,0.0,0.0,0.0
2020,August,-5.25,-66.25,0.0,0.0,0.0,0.0,0.0
2020,August,-5.25,-65.75,0.0,0.0,0.0,0.0,0.0
2020,August,-5.25,-65.25,0.0,0.0,0.0,0.0,0.0
2020,August,-5.25,-64.75,0.0,0.0,0.0,0.0,0.0
2020,August,-5.25,-64.25,0.0,0.0,0.0,0.0,0.0
2020,August,-5.25,-63.75,0.0,0.0,0.0,0.0,0.0
2020,August,-5.25,-63.25,0.0,0.0,0.0,0.0,0.0
2020,August,-5.25,-62.75,0.0,0.0,0.0,0.0,0.0
2020,August,-5.25,-62.25,0.0,0.0,0.0,0.0,0.0
2020,August,-5.25,-61.75,0.0,0.0,0.0,0.0,0.0
2020,August,-5.25,-61.25,0.0,0.0,0.0,0.0,0.0
2020,August,-5.25,-60.75,0.0,0.0,0.0,0.0,0.0
2020,August,-5.25,-60.25,0.0,0.0,0.0,0.0,0.0
2020,August,-5.25,-59.75,0.0,0.0,0.0,0.0,0.0
2020,August,-5.25,-59.25,0.0,0.0,0.0,0.0,0.0
2020,August,-5.25,-58.75,0.0,0.0,0.0,0.0,0.0
2020,August,-5.25,-58.25,0.0,0.0,0.0,0.0,0.0
2020,August,-5.25,-57.75,0.0,0.0,0.0,0.0,0.0
2020,August,-5.25,-57.25,0.0,0.0,0.0,0.0,0.0
2020,August,-5.25,-56.75,0.0,0.0,0.0,0.0,0.0
2020,August,-5.25,-56.25,0.0,0.0,0.0,0.0,0.0
2020,August,-5.25,-55.75,0.0,0.0,0.0,0.0,0.0
2020,August,-5.25,-55.25,0.0,0.0,0.0,0.0,0.0
2020,August,-5.25,-54.75,0.0,0.0,0.0,0.0,0.0
2020,August,-5.25,-54.25,0.0,0.0,0.0,0.0,0.0
2020,August,-5.25,-53.75,0.0,0.0,0.0,0.0,0.0
2020,August,-5.25,-53.25,0.0,0.0,0.0,0.0,0.0
2020,August,-5.25,-52.75,0.0,0.0,0.0,0.0,0.0
2020,August,-5.25,-52.25,0.0,0.0,0.0,0.0,0.0
2020,August,-5.25,-51.75,0.0,0.0,0.0,0.0,0.0
2020,August,-5.25,-51.25,0.0,0.0,0.0,0.0,0.0
2020,August,-5.25,-50.75,0.0,0.0,0.0,0.0,0.0
2020,August,-5.25,-50.25,0.0,0.0,0.0,0.0,0.0
2020,August,-5.25,-49.75,0.0,0.0,0.0,0.0,0.0
2020,August,-5.25,-49.25,0.0,0.0,0.0,0.0,0.0
2020,August,-5.25,-48.75,0.0,0.0,0.0,0.0,0.0
2020,August,-5.25,-48.25,0.0,0.0,0.0,0.0,0.0
2020,August,-5.75,-71.75,0.0,0.0,0.0,0.0,0.0
2020,August,-5.75,-71.25,0.0,0.0,0.0,0.0,0.0
2020,August,-5.75,-70.75,0.0,0.0,0.0,0.0,0.0
2020,August,-5.75,-70.25,0.0,0.0,0.0,0.0,0.0
2020,August,-5.75,-69.75,0.0,0.0,0.0,0.0,0.0
2020,August,-5.75,-69.25,0.0,0.0,0.0,0.0,0.0
2020,August,-5.75,-68.75,0.0,0.0,0.0,0.0,0.0
2020,August,-5.75,-68.25,0.0,0.0,0.0,0.0,0.0
2020,August,-5.75,-67.75,0.0,0.0,0.0,0.0,0.0
2020,August,-5.75,-67.25,0.0,0.0,0.0,0.0,0.0
2020,August,-5.75,-66.75,0.0,0.0,0.0,0.0,0.0
2020,August,-5.75,-66.25,0.0,0.0,0.0,0.0,0.0
2020,August,-5.75,-65.75,0.0,0.0,0.0,0.0,0.0
2020,August,-5.75,-65.25,0.0,0.0,0.0,0.0,0.0
2020,August,-5.75,-64.75,0.0,0.0,0.0,0.0,0.0
2020,August,-5.75,-64.25,0.0,0.0,0.0,0.0,0.0
2020,August,-5.75,-63.75,0.0,0.0,0.0,0.0,0.0
2020,August,-5.75,-63.25,0.0,0.0,0.0,0.0,0.0
2020,August,-5.75,-62.75,0.0,0.0,0.0,0.0,0.0
2020,August,-5.75,-62.25,0.0,0.0,0.0,0.0,0.0
2020,August,-5.75,-61.75,0.0,0.0,0.0,0.0,0.0
2020,August,-5.75,-61.25,0.0,0.0,0.0,0.0,0.0
2020,August,-5.75,-60.75,0.0,0.0,0.0,0.0,0.0
2020,August,-5.75,-60.25,0.0,0.0,0.0,0.0,0.0
2020,August,-5.75,-59.75,0.0,0.0,0.0,0.0,0.0
2020,August,-5.75,-59.25,0.0,0.0,0.0,0.0,0.0
2020,August,-5.75,-58.75,0.0,0.0,0.0,0.0,0.0
2020,August,-5.75,-58.25,0.0,0.0,0.0,0.0,0.0
2020,August,-5.75,-57.75,0.0,0.0,0.0,0.0,0.0
2020,August,-5.75,-57.25,0.0,0.0,0.0,0.0,0.0
2020,August,-5.75,-56.75,0.0,0.0,0.0,0.0,0.0
2020,August,-5.75,-56.25,0.0,0.0,0.0,0.0,0.0
2020,August,-5.75,-55.75,0.0,0.0,0.0,0.0,0.0
2020,August,-5.75,-55.25,0.0,0.0,0.0,0.0,0.0
2020,August,-5.75,-54.75,0.0,0.0,0.0,0.0,0.0
2020,August,-5.75,-54.25,0.0,0.0,0.0,0.0,0.0
2020,August,-5.75,-53.75,0.0008690958493389189,3.6328208352642832e-06,0.0006764562567695975,4.342682586866431e-05,2.7141766167915193e-06
2020,August,-5.75,-53.25,0.0,0.0,0.0,0.0,0.0
2020,August,-5.75,-52.75,0.0,0.0,0.0,0.0,0.0
2020,August,-5.75,-52.25,0.0,0.0,0.0,0.0,0.0
2020,August,-5.75,-51.75,0.0,0.0,0.0,0.0,0.0
2020,August,-5.75,-51.25,0.0,0.0,0.0,0.0,0.0
2020,August,-5.75,-50.75,0.0,0.0,0.0,0.0,0.0
2020,August,-5.75,-50.25,0.0,0.0,0.0,0.0,0.0
2020,August,-5.75,-49.75,0.0,0.0,0.0,0.0,0.0
2020,August,-5.75,-49.25,0.0,0.0,0.0,0.0,0.0
2020,August,-5.75,-48.75,0.0,0.0,0.0,0.0,0.0
2020,August,-5.75,-48.25,0.0,0.0,0.0,0.0,0.0
2020,August,-6.25,-71.75,0.0,0.0,0.0,0.0,0.0
2020,August,-6.25,-71.25,0.0,0.0,0.0,0.0,0.0
2020,August,-6.25,-70.75,0.0,0.0,0.0,0.0,0.0
2020,August,-6.25,-70.25,0.0,0.0,0.0,0.0,0.0
2020,August,-6.25,-69.75,0.0,0.0,0.0,0.0,0.0
2020,August,-6.25,-69.25,0.0,0.0,0.0,0.0,0.0
2020,August,-6.25,-68.75,0.0,0.0,0.0,0.0,0.0
2020,August,-6.25,-68.25,0.0,0.0,0.0,0.0,0.0
2020,August,-6.25,-67.75,0.0,0.0,0.0,0.0,0.0
2020,August,-6.25,-67.25,0.0,0.0,0.0,0.0,0.0
2020,August,-6.25,-66.75,0.0,0.0,0.0,0.0,0.0
2020,August,-6.25,-66.25,0.0,0.0,0.0,0.0,0.0
2020,August,-6.25,-65.75,0.0,0.0,0.0,0.0,0.0
2020,August,-6.25,-65.25,0.0,0.0,0.0,0.0,0.0
2020,August,-6.25,-64.75,0.0,0.0,0.0,0.0,0.0
2020,August,-6.25,-64.25,0.0,0.0,0.0,0.0,0.0
2020,August,-6.25,-63.75,0.0,0.0,0.0,0.0,0.0
2020,August,-6.25,-63.25,0.0,0.0,0.0,0.0,0.0
2020,August,-6.25,-62.75,0.0,0.0,0.0,0.0,0.0
2020,August,-6.25,-62.25,0.0,0.0,0.0,0.0,0.0
2020,August,-6.25,-61.75,0.0,0.0,0.0,0.0,0.0
2020,August,-6.25,-61.25,0.0,0.0,0.0,0.0,0.0
2020,August,-6.25,-60.75,0.0,0.0,0.0,0.0,0.0
2020,August,-6.25,-60.25,0.0,0.0,0.0,0.0,0.0
2020,August,-6.25,-59.75,0.0,0.0,0.0,0.0,0.0
2020,August,-6.25,-59.25,0.0,0.0,0.0,0.0,0.0
2020,August,-6.25,-58.75,0.0,0.0,0.0,0.0,0.0
2020,August,-6.25,-58.25,0.0,0.0,0.0,0.0,0.0
2020,August,-6.25,-57.75,0.0,0.0,0.0,0.0,0.0
2020,August,-6.25,-57.25,0.0,0.0,0.0,0.0,0.0
2020,August,-6.25,-56.75,0.0,0.0,0.0,0.0,0.0
2020,August,-6.25,-56.25,0.0,0.0,0.0,0.0,0.0
2020,August,-6.25,-55.75,0.0,0.0,0.0,0.0,0.0
2020,August,-6.25,-55.25,0.0,0.0,0.0,0.0,0.0
2020,August,-6.25,-54.75,0.0,0.0,0.0,0.0,0.0
2020,August,-6.25,-54.25,0.0,0.0,0.0,0.0,0.0
2020,August,-6.25,-53.75,0.0,0.0,0.0,0.0,0.0
2020,August,-6.25,-53.25,0.0,0.0,0.0,0.0,0.0
2020,August,-6.25,-52.75,0.0,0.0,0.0,0.0,0.0
2020,August,-6.25,-52.25,0.0,0.0,0.0,0.0,0.0
2020,August,-6.25,-51.75,0.0,0.0,0.0,0.0,0.0
2020,August,-6.25,-51.25,0.0,0.0,0.0,0.0,0.0
2020,August,-6.25,-50.75,0.0,0.0,0.0,0.0,0.0
2020,August,-6.25,-50.25,0.0,0.0,0.0,0.0,0.0
2020,August,-6.25,-49.75,0.0,0.0,0.0,0.0,0.0
2020,August,-6.25,-49.25,0.0,0.0,0.0,0.0,0.0
2020,August,-6.25,-48.75,0.0,0.0,0.0,0.0,0.0
2020,August,-6.25,-48.25,0.00508852070197463,0.00024221358762588352,0.0451018400490284,0.0028954269364476204,0.00018096418352797627
2020,August,-6.75,-71.75,0.0,0.0,0.0,0.0,0.0
2020,August,-6.75,-71.25,0.0,0.0,0.0,0.0,0.0
2020,August,-6.75,-70.75,0.0,0.0,0.0,0.0,0.0
2020,August,-6.75,-70.25,0.0,0.0,0.0,0.0,0.0
2020,August,-6.75,-69.75,0.0,0.0,0.0,0.0,0.0
2020,August,-6.75,-69.25,0.0,0.0,0.0,0.0,0.0
2020,August,-6.75,-68.75,0.0,0.0,0.0,0.0,0.0
2020,August,-6.75,-68.25,0.0,0.0,0.0,0.0,0.0
2020,August,-6.75,-67.75,0.0,0.0,0.0,0.0,0.0
2020,August,-6.75,-67.25,0.0,0.0,0.0,0.0,0.0
2020,August,-6.75,-66.75,0.0,0.0,0.0,0.0,0.0
2020,August,-6.75,-66.25,0.0,0.0,0.0,0.0,0.0
2020,August,-6.75,-65.75,0.0,0.0,0.0,0.0,0.0
2020,August,-6.75,-65.25,0.0,0.0,0.0,0.0,0.0
2020,August,-6.75,-64.75,0.0,0.0,0.0,0.0,0.0
2020,August,-6.75,-64.25,0.0,0.0,0.0,0.0,0.0
2020,August,-6.75,-63.75,0.0,0.0,0.0,0.0,0.0
2020,August,-6.75,-63.25,0.0,0.0,0.0,0.0,0.0
2020,August,-6.75,-62.75,0.0,0.0,0.0,0.0,0.0
2020,August,-6.75,-62.25,0.0,0.0,0.0,0.0,0.0
2020,August,-6.75,-61.75,0.0,0.0,0.0,0.0,0.0
2020,August,-6.75,-61.25,0.0,0.0,0.0,0.0,0.0
2020,August,-6.75,-60.75,0.0,0.0,0.0,0.0,0.0
2020,August,-6.75,-60.25,0.0,0.0,0.0,0.0,0.0
2020,August,-6.75,-59.75,0.0,0.0,0.0,0.0,0.0
2020,August,-6.75,-59.25,0.0,0.0,0.0,0.0,0.0
2020,August,-6.75,-58.75,0.0,0.0,0.0,0.0,0.0
2020,August,-6.75,-58.25,0.0,0.0,0.0,0.0,0.0
2020,August,-6.75,-57.75,0.0,0.0,0.0,0.0,0.0
2020,August,-6.75,-57.25,0.0,0.0,0.0,0.0,0.0
2020,August,-6.75,-56.75,0.0,0.0,0.0,0.0,0.0
2020,August,-6.75,-56.25,0.0,0.0,0.0,0.0,0.0
2020,August,-6.75,-55.75,0.0,0.0,0.0,0.0,0.0
2020,August,-6.75,-55.25,0.0,0.0,0.0,0.0,0.0
2020,August,-6.75,-54.75,0.004234285093843937,3.823559745796956e-05,0.007119731977581978,0.0004570691962726414,2.856682476704009e-05
2020,August,-6.75,-54.25,0.0,0.0,0.0,0.0,0.0
2020,August,-6.75,-53.75,0.0,0.0,0.0,0.0,0.0
2020,August,-6.75,-53.25,0.0,0.0,0.0,0.0,0.0
2020,August,-6.75,-52.75,0.0,0.0,0.0,0.0,0.0
2020,August,-6.75,-52.25,0.0014131112257018685,2.4870758352335542e-05,0.004631106276065111,0.00029730561072938144,1.858160067058634e-05
2020,August,-6.75,-51.75,0.0057601830922067165,0.00013651633344125003,0.025420283898711205,0.0016319194110110402,0.00010199496318819001
2020,August,-6.75,-51.25,0.000998607836663723,2.3667005734751e-05,0.0044069597497582436,0.0002829159493558109,1.768224683473818e-05
2020,August,-6.75,-50.75,0.0,0.0,0.0,0.0,0.0
2020,August,-6.75,-50.25,0.0,0.0,0.0,0.0,0.0
2020,August,-6.75,-49.75,0.0,0.0,0.0,0.0,0.0
2020,August,-6.75,-49.25,0.0,0.0,0.0,0.0,0.0
2020,August,-6.75,-48.75,0.0,0.0,0.0,0.0,0.0
2020,August,-6.75,-48.25,0.001150302472524345,5.475439684232697e-05,0.010195646435022354,0.0006545353680849075,4.090846050530672e-05
2020,August,-7.25,-71.75,0.0,0.0,0.0,0.0,0.0
2020,August,-7.25,-71.25,0.0,0.0,0.0,0.0,0.0
2020,August,-7.25,-70.75,0.0,0.0,0.0,0.0,0.0
2020,August,-7.25,-70.25,0.0,0.0,0.0,0.0,0.0
2020,August,-7.25,-69.75,0.0,0.0,0.0,0.0,0.0
2020,August,-7.25,-69.25,0.0,0.0,0.0,0.0,0.0
2020,August,-7.25,-68.75,0.0,0.0,0.0,0.0,0.0
2020,August,-7.25,-68.25,0.0,0.0,0.0,0.0,0.0
2020,August,-7.25,-67.75,0.0,0.0,0.0,0.0,0.0
2020,August,-7.25,-67.25,0.0,0.0,0.0,0.0,0.0
2020,August,-7.25,-66.75,0.0,0.0,0.0,0.0,0.0
2020,August,-7.25,-66.25,0.0,0.0,0.0,0.0,0.0
2020,August,-7.25,-65.75,0.0,0.0,0.0,0.0,0.0
2020,August,-7.25,-65.25,0.0,0.0,0.0,0.0,0.0
2020,August,-7.25,-64.75,0.0,0.0,0.0,0.0,0.0
2020,August,-7.25,-64.25,0.0,0.0,0.0,0.0,0.0
2020,August,-7.25,-63.75,0.0,0.0,0.0,0.0,0.0
2020,August,-7.25,-63.25,0.0,0.0,0.0,0.0,0.0
2020,August,-7.25,-62.75,0.0,0.0,0.0,0.0,0.0
2020,August,-7.25,-62.25,0.0,0.0,0.0,0.0,0.0
2020,August,-7.25,-61.75,0.0,0.0,0.0,0.0,0.0
2020,August,-7.25,-61.25,0.0,0.0,0.0,0.0,0.0
2020,August,-7.25,-60.75,0.0,0.0,0.0,0.0,0.0
2020,August,-7.25,-60.25,0.0,0.0,0.0,0.0,0.0
2020,August,-7.25,-59.75,0.0,0.0,0.0,0.0,0.0
2020,August,-7.25,-59.25,0.0,0.0,0.0,0.0,0.0
2020,August,-7.25,-58.75,0.0,0.0,0.0,0.0,0.0
2020,August,-7.25,-58.25,0.0,0.0,0.0,0.0,0.0
2020,August,-7.25,-57.75,0.0,0.0,0.0,0.0,0.0
2020,August,-7.25,-57.25,0.0,0.0,0.0,0.0,0.0
2020,August,-7.25,-56.75,0.0,0.0,0.0,0.0,0.0
2020,August,-7.25,-56.25,0.0,0.0,0.0,0.0,0.0
2020,August,-7.25,-55.75,0.012837808579206467,0.00025675614597275853,0.04780976474285126,0.0030692690052092075,0.00019182931282557547
2020,August,-7.25,-55.25,0.0028923426289111376,5.784684981335886e-05,0.010771483182907104,0.0006915025878697634,4.321891174186021e-05
2020,August,-7.25,-54.75,0.0,0.0,0.0,0.0,0.0
2020,August,-7.25,-54.25,0.0,0.0,0.0,0.0,0.0
2020,August,-7.25,-53.75,0.0,0.0,0.0,0.0,0.0
2020,August,-7.25,-53.25,0.0,0.0,0.0,0.0,0.0
2020,August,-7.25,-52.75,0.0,0.0,0.0,0.0,0.0
2020,August,-7.25,-52.25,0.0,0.0,0.0,0.0,0.0
2020,August,-7.25,-51.75,0.0,0.0,0.0,0.0,0.0
2020,August,-7.25,-51.25,0.0,0.0,0.0,0.0,0.0
2020,August,-7.25,-50.75,0.0,0.0,0.0,0.0,0.0
2020,August,-7.25,-50.25,0.0,0.0,0.0,0.0,0.0
2020,August,-7.25,-49.75,0.0006065709167160094,9.280534868594259e-06,0.0017280996544286609,0.00011093973444076255,6.933733402547659e-06
2020,August,-7.25,-49.25,0.0,0.0,0.0,0.0,0.0
2020,August,-7.25,-48.75,0.0,0.0,0.0,0.0,0.0
2020,August,-7.25,-48.25,0.0008441556710749865,2.177921669499483e-05,0.004055440425872803,0.0002603492757771164,1.6271829736069776e-05
2020,August,-7.75,-71.75,0.0,0.0,0.0,0.0,0.0
2020,August,-7.75,-71.25,0.009216107428073883,0.00019077342585660517,0.03552332520484924,0.0022805100306868553,0.00014253187691792846
2020,August,-7.75,-70.75,0.0,0.0,0.0,0.0,0.0
2020,August,-7.75,-70.25,0.0,0.0,0.0,0.0,0.0
2020,August,-7.75,-69.75,0.0,0.0,0.0,0.0,0.0
2020,August,-7.75,-69.25,0.0,0.0,0.0,0.0,0.0
2020,August,-7.75,-68.75,0.0,0.0,0.0,0.0,0.0
2020,August,-7.75,-68.25,0.0,0.0,0.0,0.0,0.0
2020,August,-7.75,-67.75,0.0,0.0,0.0,0.0,0.0
2020,August,-7.75,-67.25,0.0,0.0,0.0,0.0,0.0
2020,August,-7.75,-66.75,0.0,0.0,0.0,0.0,0.0
2020,August,-7.75,-66.25,0.0,0.0,0.0,0.0,0.0
2020,August,-7.75,-65.75,0.0,0.0,0.0,0.0,0.0
2020,August,-7.75,-65.25,0.0,0.0,0.0,0.0,0.0
2020,August,-7.75,-64.75,0.0,0.0,0.0,0.0,0.0
2020,August,-7.75,-64.25,0.0,0.0,0.0,0.0,0.0
2020,August,-7.75,-63.75,0.0,0.0,0.0,0.0,0.0
2020,August,-7.75,-63.25,0.0,0.0,0.0,0.0,0.0
2020,August,-7.75,-62.75,0.0,0.0,0.0,0.0,0.0
2020,August,-7.75,-62.25,0.0,0.0,0.0,0.0,0.0
2020,August,-7.75,-61.75,0.0,0.0,0.0,0.0,0.0
2020,August,-7.75,-61.25,0.0,0.0,0.0,0.0,0.0
2020,August,-7.75,-60.75,0.0,0.0,0.0,0.0,0.0
2020,August,-7.75,-60.25,0.0,0.0,0.0,0.0,0.0
2020,August,-7.75,-59.75,0.0,0.0,0.0,0.0,0.0
2020,August,-7.75,-59.25,0.0,0.0,0.0,0.0,0.0
2020,August,-7.75,-58.75,0.0,0.0,0.0,0.0,0.0
2020,August,-7.75,-58.25,0.0,0.0,0.0,0.0,0.0
2020,August,-7.75,-57.75,0.0,0.0,0.0,0.0,0.0
2020,August,-7.75,-57.25,0.0,0.0,0.0,0.0,0.0
2020,August,-7.75,-56.75,0.0,0.0,0.0,0.0,0.0
2020,August,-7.75,-56.25,0.0,0.0,0.0,0.0,0.0
2020,August,-7.75,-55.75,0.0,0.0,0.0,0.0,0.0
2020,August,-7.75,-55.25,0.0,0.0,0.0,0.0,0.0
2020,August,-7.75,-54.75,0.0,0.0,0.0,0.0,0.0
2020,August,-7.75,-54.25,0.0,0.0,0.0,0.0,0.0
2020,August,-7.75,-53.75,0.0,0.0,0.0,0.0,0.0
2020,August,-7.75,-53.25,0.0,0.0,0.0,0.0,0.0
2020,August,-7.75,-52.75,0.0,0.0,0.0,0.0,0.0
2020,August,-7.75,-52.25,0.0,0.0,0.0,0.0,0.0
2020,August,-7.75,-51.75,0.0,0.0,0.0,0.0,0.0
2020,August,-7.75,-51.25,0.0,0.0,0.0,0.0,0.0
2020,August,-7.75,-50.75,0.0,0.0,0.0,0.0,0.0
2020,August,-7.75,-50.25,0.0,0.0,0.0,0.0,0.0
2020,August,-7.75,-49.75,0.0,0.0,0.0,0.0,0.0
2020,August,-7.75,-49.25,0.0,0.0,0.0,0.0,0.0
2020,August,-7.75,-48.75,0.0,0.0,0.0,0.0,0.0
2020,August,-7.75,-48.25,0.0,0.0,0.0,0.0,0.0
2020,August,-8.25,-71.75,0.0,0.0,0.0,0.0,0.0
2020,August,-8.25,-71.25,0.0,0.0,0.0,0.0,0.0
2020,August,-8.25,-70.75,0.0,0.0,0.0,0.0,0.0
2020,August,-8.25,-70.25,0.0,0.0,0.0,0.0,0.0
2020,August,-8.25,-69.75,0.0,0.0,0.0,0.0,0.0
2020,August,-8.25,-69.25,0.0,0.0,0.0,0.0,0.0
2020,August,-8.25,-68.75,0.0,0.0,0.0,0.0,0.0
2020,August,-8.25,-68.25,0.0,0.0,0.0,0.0,0.0
2020,August,-8.25,-67.75,0.0,0.0,0.0,0.0,0.0
2020,August,-8.25,-67.25,0.0,0.0,0.0,0.0,0.0
2020,August,-8.25,-66.75,0.0,0.0,0.0,0.0,0.0
2020,August,-8.25,-66.25,0.0,0.0,0.0,0.0,0.0
2020,August,-8.25,-65.75,0.0,0.0,0.0,0.0,0.0
2020,August,-8.25,-65.25,0.0,0.0,0.0,0.0,0.0
2020,August,-8.25,-64.75,0.0,0.0,0.0,0.0,0.0
2020,August,-8.25,-64.25,0.0,0.0,0.0,0.0,0.0
2020,August,-8.25,-63.75,0.0,0.0,0.0,0.0,0.0
2020,August,-8.25,-63.25,0.0,0.0,0.0,0.0,0.0
2020,August,-8.25,-62.75,0.0,0.0,0.0,0.0,0.0
2020,August,-8.25,-62.25,0.0,0.0,0.0,0.0,0.0
2020,August,-8.25,-61.75,0.0,0.0,0.0,0.0,0.0
2020,August,-8.25,-61.25,0.0,0.0,0.0,0.0,0.0
2020,August,-8.25,-60.75,0.0,0.0,0.0,0.0,0.0
2020,August,-8.25,-60.25,0.0,0.0,0.0,0.0,0.0
2020,August,-8.25,-59.75,0.0,0.0,0.0,0.0,0.0
2020,August,-8.25,-59.25,0.0,0.0,0.0,0.0,0.0
2020,August,-8.25,-58.75,0.0,0.0,0.0,0.0,0.0
2020,August,-8.25,-58.25,0.0,0.0,0.0,0.0,0.0
2020,August,-8.25,-57.75,0.0,0.0,0.0,0.0,0.0
2020,August,-8.25,-57.25,0.0,0.0,0.0,0.0,0.0
2020,August,-8.25,-56.75,0.0,0.0,0.0,0.0,0.0
2020,August,-8.25,-56.25,0.0,0.0,0.0,0.0,0.0
2020,August,-8.25,-55.75,0.0,0.0,0.0,0.0,0.0
2020,August,-8.25,-55.25,0.0,0.0,0.0,0.0,0.0
2020,August,-8.25,-54.75,0.0033480566926300526,2.755450623226352e-05,0.00513083953410387,0.0003293872287031263,2.0586701793945394e-05
2020,August,-8.25,-54.25,0.0,0.0,0.0,0.0,0.0
2020,August,-8.25,-53.75,0.0,0.0,0.0,0.0,0.0
2020,August,-8.25,-53.25,0.0,0.0,0.0,0.0,0.0
2020,August,-8.25,-52.75,0.0,0.0,0.0,0.0,0.0
2020,August,-8.25,-52.25,0.0,0.0,0.0,0.0,0.0
2020,August,-8.25,-51.75,0.0,0.0,0.0,0.0,0.0
2020,August,-8.25,-51.25,0.0,0.0,0.0,0.0,0.0
2020,August,-8.25,-50.75,0.0,0.0,0.0,0.0,0.0
2020,August,-8.25,-50.25,0.0,0.0,0.0,0.0,0.0
2020,August,-8.25,-49.75,0.0,0.0,0.0,0.0,0.0
2020,August,-8.25,-49.25,0.0,0.0,0.0,0.0,0.0
2020,August,-8.25,-48.75,0.0,0.0,0.0,0.0,0.0
2020,August,-8.25,-48.25,0.0,0.0,0.0,0.0,0.0
2020,August,-8.75,-71.75,0.0,0.0,0.0,0.0,0.0
2020,August,-8.75,-71.25,0.0,0.0,0.0,0.0,0.0
2020,August,-8.75,-70.75,0.0,0.0,0.0,0.0,0.0
2020,August,-8.75,-70.25,0.0,0.0,0.0,0.0,0.0
2020,August,-8.75,-69.75,0.0,0.0,0.0,0.0,0.0
2020,August,-8.75,-69.25,0.0006955149583518505,6.40569260212942e-06,0.0011927841696888208,7.657379319425672e-05,4.785862074641045e-06
2020,August,-8.75,-68.75,0.0,0.0,0.0,0.0,0.0
2020,August,-8.75,-68.25,0.0,0.0,0.0,0.0,0.0
2020,August,-8.75,-67.75,0.0,0.0,0.0,0.0,0.0
2020,August,-8.75,-67.25,0.0006558248423971236,2.518367546144873e-05,0.004689374007284641,0.0003010462678503245,1.8815391740645282e-05
2020,August,-8.75,-66.75,0.0,0.0,0.0,0.0,0.0
2020,August,-8.75,-66.25,0.0,0.0,0.0,0.0,0.0
2020,August,-8.75,-65.75,0.0,0.0,0.0,0.0,0.0
2020,August,-8.75,-65.25,0.0,0.0,0.0,0.0,0.0
2020,August,-8.75,-64.75,0.0,0.0,0.0,0.0,0.0
2020,August,-8.75,-64.25,0.0,0.0,0.0,0.0,0.0
2020,August,-8.75,-63.75,0.0,0.0,0.0,0.0,0.0
2020,August,-8.75,-63.25,0.0,0.0,0.0,0.0,0.0
2020,August,-8.75,-62.75,0.0,0.0,0.0,0.0,0.0
2020,August,-8.75,-62.25,0.0,0.0,0.0,0.0,0.0
2020,August,-8.75,-61.75,0.0,0.0,0.0,0.0,0.0
2020,August,-8.75,-61.25,0.0,0.0,0.0,0.0,0.0
2020,August,-8.75,-60.75,0.0,0.0,0.0,0.0,0.0
2020,August,-8.75,-60.25,0.0,0.0,0.0,0.0,0.0
2020,August,-8.75,-59.75,0.0,0.0,0.0,0.0,0.0
2020,August,-8.75,-59.25,0.0,0.0,0.0,0.0,0.0
2020,August,-8.75,-58.75,0.0,0.0,0.0,0.0,0.0
2020,August,-8.75,-58.25,0.0,0.0,0.0,0.0,0.0
2020,August,-8.75,-57.75,0.0,0.0,0.0,0.0,0.0
2020,August,-8.75,-57.25,0.0,0.0,0.0,0.0,0.0
2020,August,-8.75,-56.75,0.0,0.0,0.0,0.0,0.0
2020,August,-8.75,-56.25,0.0,0.0,0.0,0.0,0.0
2020,August,-8.75,-55.75,0.0,0.0,0.0,0.0,0.0
2020,August,-8.75,-55.25,0.0013763277092948556,2.0369650883367285e-05,0.0037929692771285772,0.00024349926388822496,1.521870399301406e-05
2020,August,-8.75,-54.75,0.002298383740708232,1.8915698092314415e-05,0.0035222333390265703,0.00022611868917010725,1.4132418073131703e-05
2020,August,-8.75,-54.25,0.0,0.0,0.0,0.0,0.0
2020,August,-8.75,-53.75,0.0,0.0,0.0,0.0,0.0
2020,August,-8.75,-53.25,0.0,0.0,0.0,0.0,0.0
2020,August,-8.75,-52.75,0.0,0.0,0.0,0.0,0.0
2020,August,-8.75,-52.25,0.0,0.0,0.0,0.0,0.0
2020,August,-8.75,-51.75,0.0,0.0,0.0,0.0,0.0
2020,August,-8.75,-51.25,0.0,0.0,0.0,0.0,0.0
2020,August,-8.75,-50.75,0.0,0.0,0.0,0.0,0.0
2020,August,-8.75,-50.25,0.0,0.0,0.0,0.0,0.0
2020,August,-8.75,-49.75,0.0,0.0,0.0,0.0,0.0
2020,August,-8.75,-49.25,0.0,0.0,0.0,0.0,0.0
2020,August,-8.75,-48.75,0.0,0.0,0.0,0.0,0.0
2020,August,-8.75,-48.25,0.0,0.0,0.0,0.0,0.0
2020,August,-9.25,-71.75,0.0,0.0,0.0,0.0,0.0
2020,August,-9.25,-71.25,0.0,0.0,0.0,0.0,0.0
2020,August,-9.25,-70.75,0.0,0.0,0.0,0.0,0.0
2020,August,-9.25,-70.25,0.0,0.0,0.0,0.0,0.0
2020,August,-9.25,-69.75,0.0,0.0,0.0,0.0,0.0
2020,August,-9.25,-69.25,0.0,0.0,0.0,0.0,0.0
2020,August,-9.25,-68.75,0.0,0.0,0.0,0.0,0.0
2020,August,-9.25,-68.25,0.0,0.0,0.0,0.0,0.0
2020,August,-9.25,-67.75,0.0013686723541468382,3.791222479776479e-05,0.007059517316520214,0.00045320362551137805,2.8325226594461128e-05
2020,August,-9.25,-67.25,0.0,0.0,0.0,0.0,0.0
2020,August,-9.25,-66.75,0.002222349401563406,4.80027447338216e-05,0.00893844198435545,0.0005738259642384946,3.5864122764905915e-05
2020,August,-9.25,-66.25,0.0,0.0,0.0,0.0,0.0
2020,August,-9.25,-65.75,0.01569584757089615,0.00024642478092573583,0.04588599130511284,0.002945767482742667,0.0001841104676714167
2020,August,-9.25,-65.25,0.0,0.0,0.0,0.0,0.0
2020,August,-9.25,-64.75,0.0,0.0,0.0,0.0,0.0
2020,August,-9.25,-64.25,0.0,0.0,0.0,0.0,0.0
2020,August,-9.25,-63.75,0.0,0.0,0.0,0.0,0.0
2020,August,-9.25,-63.25,0.0,0.0,0.0,0.0,0.0
2020,August,-9.25,-62.75,0.0,0.0,0.0,0.0,0.0
2020,August,-9.25,-62.25,0.0,0.0,0.0,0.0,0.0
2020,August,-9.25,-61.75,0.0,0.0,0.0,0.0,0.0
2020,August,-9.25,-61.25,0.0,0.0,0.0,0.0,0.0
2020,August,-9.25,-60.75,0.009473041631281376,0.00019798656285274774,0.03686646372079849,0.002366736065596342,0.00014792100409977138
2020,August,-9.25,-60.25,0.0,0.0,0.0,0.0,0.0
2020,August,-9.25,-59.75,0.0,0.0,0.0,0.0,0.0
2020,August,-9.25,-59.25,0.0,0.0,0.0,0.0,0.0
2020,August,-9.25,-58.75,0.0,0.0,0.0,0.0,0.0
2020,August,-9.25,-58.25,0.0,0.0,0.0,0.0,0.0
2020,August,-9.25,-57.75,0.0,0.0,0.0,0.0,0.0
2020,August,-9.25,-57.25,0.0,0.0,0.0,0.0,0.0
2020,August,-9.25,-56.75,0.0,0.0,0.0,0.0,0.0
2020,August,-9.25,-56.25,0.0,0.0,0.0,0.0,0.0
2020,August,-9.25,-55.75,0.0,0.0,0.0,0.0,0.0
2020,August,-9.25,-55.25,0.0,0.0,0.0,0.0,0.0
2020,August,-9.25,-54.75,0.0,0.0,0.0,0.0,0.0
2020,August,-9.25,-54.25,0.0,0.0,0.0,0.0,0.0
2020,August,-9.25,-53.75,0.0,0.0,0.0,0.0,0.0
2020,August,-9.25,-53.25,0.0,0.0,0.0,0.0,0.0
2020,August,-9.25,-52.75,0.0,0.0,0.0,0.0,0.0
2020,August,-9.25,-52.25,0.0,0.0,0.0,0.0,0.0
2020,August,-9.25,-51.75,0.008920139633119106,0.0001899989729281515,0.03537911921739578,0.0022712519858032465,0.0001419532491127029
2020,August,-9.25,-51.25,0.0,0.0,0.0,0.0,0.0
2020,August,-9.25,-50.75,0.0,0.0,0.0,0.0,0.0
2020,August,-9.25,-50.25,0.0,0.0,0.0,0.0,0.0
2020,August,-9.25,-49.75,0.0,0.0,0.0,0.0,0.0
2020,August,-9.25,-49.25,0.0,0.0,0.0,0.0,0.0
2020,August,-9.25,-48.75,0.0,0.0,0.0,0.0,0.0
2020,August,-9.25,-48.25,0.0,0.0,0.0,0.0,0.0
2020,August,-9.75,-71.75,0.0,0.0,0.0,0.0,0.0
2020,August,-9.75,-71.25,0.0,0.0,0.0,0.0,0.0
2020,August,-9.75,-70.75,0.0,0.0,0.0,0.0,0.0
2020,August,-9.75,-70.25,0.0,0.0,0.0,0.0,0.0
2020,August,-9.75,-69.75,0.0,0.0,0.0,0.0,0.0
2020,August,-9.75,-69.25,0.0,0.0,0.0,0.0,0.0
2020,August,-9.75,-68.75,0.0005239340243861079,1.639913534745574e-05,0.0030536320991814137,0.0001960356457857415,1.2252227861608844e-05
2020,August,-9.75,-68.25,0.0,0.0,0.0,0.0,0.0
2020,August,-9.75,-67.75,0.0,0.0,0.0,0.0,0.0
2020,August,-9.75,-67.25,0.0,0.0,0.0,0.0,0.0
2020,August,-9.75,-66.75,0.0019691046327352524,4.2532661609584466e-05,0.007919874973595142,0.00050843640929088,3.177727558068e-05
2020,August,-9.75,-66.25,0.0,0.0,0.0,0.0,0.0
2020,August,-9.75,-65.75,0.0,0.0,0.0,0.0,0.0
2020,August,-9.75,-65.25,0.0,0.0,0.0,0.0,0.0
2020,August,-9.75,-64.75,0.0,0.0,0.0,0.0,0.0
2020,August,-9.75,-64.25,0.0,0.0,0.0,0.0,0.0
2020,August,-9.75,-63.75,0.0,0.0,0.0,0.0,0.0
2020,August,-9.75,-63.25,0.009352847002446651,0.00019453921413514763,0.036224544048309326,0.002325526438653469,0.00014534540241584182
2020,August,-9.75,-62.75,0.0,0.0,0.0,0.0,0.0
2020,August,-9.75,-62.25,0.0,0.0,0.0,0.0,0.0
2020,August,-9.75,-61.75,0.0,0.0,0.0,0.0,0.0
2020,August,-9.75,-61.25,0.0,0.0,0.0,0.0,0.0
2020,August,-9.75,-60.75,0.0,0.0,0.0,0.0,0.0
2020,August,-9.75,-60.25,0.0,0.0,0.0,0.0,0.0
2020,August,-9.75,-59.75,0.0,0.0,0.0,0.0,0.0
2020,August,-9.75,-59.25,0.0,0.0,0.0,0.0,0.0
2020,August,-9.75,-58.75,0.0,0.0,0.0,0.0,0.0
2020,August,-9.75,-58.25,0.0,0.0,0.0,0.0,0.0
2020,August,-9.75,-57.75,0.0,0.0,0.0,0.0,0.0
2020,August,-9.75,-57.25,0.004743117373436689,7.541556988144293e-05,0.014042899943888187,0.0009015194955281913,5.634496847051196e-05
2020,August,-9.75,-56.75,0.0,0.0,0.0,0.0,0.0
2020,August,-9.75,-56.25,0.0,0.0,0.0,0.0,0.0
2020,August,-9.75,-55.75,0.0,0.0,0.0,0.0,0.0
2020,August,-9.75,-55.25,0.006170591805130243,0.00010490006388863549,0.01953311450779438,0.0012539778836071491,7.837361772544682e-05
2020,August,-9.75,-54.75,0.0,0.0,0.0,0.0,0.0
2020,August,-9.75,-54.25,0.0,0.0,0.0,0.0,0.0
2020,August,-9.75,-53.75,0.0,0.0,0.0,0.0,0.0
2020,August,-9.75,-53.25,0.0,0.0,0.0,0.0,0.0
2020,August,-9.75,-52.75,0.0,0.0,0.0,0.0,0.0
2020,August,-9.75,-52.25,0.0,0.0,0.0,0.0,0.0
2020,August,-9.75,-51.75,0.0,0.0,0.0,0.0,0.0
2020,August,-9.75,-51.25,0.0,0.0,0.0,0.0,0.0
2020,August,-9.75,-50.75,0.0,0.0,0.0,0.0,0.0
2020,August,-9.75,-50.25,0.0,0.0,0.0,0.0,0.0
2020,August,-9.75,-49.75,0.0,0.0,0.0,0.0,0.0
2020,August,-9.75,-49.25,0.0,0.0,0.0,0.0,0.0
2020,August,-9.75,-48.75,0.0,0.0,0.0,0.0,0.0
2020,August,-9.75,-48.25,0.0,0.0,0.0,0.0,0.0
2020,August,-10.25,-71.75,0.0,0.0,0.0,0.0,0.0
2020,August,-10.25,-71.25,0.0,0.0,0.0,0.0,0.0
2020,August,-10.25,-70.75,0.0,0.0,0.0,0.0,0.0
2020,August,-10.25,-70.25,0.0,0.0,0.0,0.0,0.0
2020,August,-10.25,-69.75,0.0,0.0,0.0,0.0,0.0
2020,August,-10.25,-69.25,0.0,0.0,0.0,0.0,0.0
2020,August,-10.25,-68.75,0.0,0.0,0.0,0.0,0.0
2020,August,-10.25,-68.25,0.0,0.0,0.0,0.0,0.0
2020,August,-10.25,-67.75,0.0,0.0,0.0,0.0,0.0
2020,August,-10.25,-67.25,0.0,0.0,0.0,0.0,0.0
2020,August,-10.25,-66.75,0.0,0.0,0.0,0.0,0.0
2020,August,-10.25,-66.25,0.0,0.0,0.0,0.0,0.0
2020,August,-10.25,-65.75,0.0,0.0,0.0,0.0,0.0
2020,August,-10.25,-65.25,0.0,0.0,0.0,0.0,0.0
2020,August,-10.25,-64.75,0.0,0.0,0.0,0.0,0.0
2020,August,-10.25,-64.25,0.0,0.0,0.0,0.0,0.0
2020,August,-10.25,-63.75,0.0,0.0,0.0,0.0,0.0
2020,August,-10.25,-63.25,0.0,0.0,0.0,0.0,0.0
2020,August,-10.25,-62.75,0.0,0.0,0.0,0.0,0.0
2020,August,-10.25,-62.25,0.0,0.0,0.0,0.0,0.0
2020,August,-10.25,-61.75,0.0,0.0,0.0,0.0,0.0
2020,August,-10.25,-61.25,0.0,0.0,0.0,0.0,0.0
2020,August,-10.25,-60.75,0.0,0.0,0.0,0.0,0.0
2020,August,-10.25,-60.25,0.0,0.0,0.0,0.0,0.0
2020,August,-10.25,-59.75,0.0,0.0,0.0,0.0,0.0
2020,August,-10.25,-59.25,0.00101558119058609,2.5084857043111697e-05,0.004670973401516676,0.00029986497247591615,1.874156077974476e-05
2020,August,-10.25,-58.75,0.0,0.0,0.0,0.0,0.0
2020,August,-10.25,-58.25,0.0,0.0,0.0,0.0,0.0
2020,August,-10.25,-57.75,0.00515618035569787,9.951428364729509e-05,0.01853024587035179,0.0011895960196852684,7.434975123032928e-05
2020,August,-10.25,-57.25,0.0,0.0,0.0,0.0,0.0
2020,August,-10.25,-56.75,0.0,0.0,0.0,0.0,0.0
2020,August,-10.25,-56.25,0.0,0.0,0.0,0.0,0.0
2020,August,-10.25,-55.75,0.0,0.0,0.0,0.0,0.0
2020,August,-10.25,-55.25,0.0,0.0,0.0,0.0,0.0
2020,August,-10.25,-54.75,0.0,0.0,0.0,0.0,0.0
2020,August,-10.25,-54.25,0.0,0.0,0.0,0.0,0.0
2020,August,-10.25,-53.75,0.0,0.0,0.0,0.0,0.0
2020,August,-10.25,-53.25,0.0,0.0,0.0,0.0,0.0
2020,August,-10.25,-52.75,0.0,0.0,0.0,0.0,0.0
2020,August,-10.25,-52.25,0.0,0.0,0.0,0.0,0.0
2020,August,-10.25,-51.75,0.0,0.0,0.0,0.0,0.0
2020,August,-10.25,-51.25,0.0,0.0,0.0,0.0,0.0
2020,August,-10.25,-50.75,0.0,0.0,0.0,0.0,0.0
2020,August,-10.25,-50.25,0.0,0.0,0.0,0.0,0.0
2020,August,-10.25,-49.75,0.0,0.0,0.0,0.0,0.0
2020,August,-10.25,-49.25,0.0,0.0,0.0,0.0,0.0
2020,August,-10.25,-48.75,0.0,0.0,0.0,0.0,0.0
2020,August,-10.25,-48.25,0.0,0.0,0.0,0.0,0.0
2020,August,-10.75,-71.75,0.0,0.0,0.0,0.0,0.0
2020,August,-10.75,-71.25,0.0,0.0,0.0,0.0,0.0
2020,August,-10.75,-70.75,0.0,0.0,0.0,0.0,0.0
2020,August,-10.75,-70.25,0.0,0.0,0.0,0.0,0.0
2020,August,-10.75,-69.75,0.0,0.0,0.0,0.0,0.0
2020,August,-10.75,-69.25,0.0,0.0,0.0,0.0,0.0
2020,August,-10.75,-68.75,0.0,0.0,0.0,0.0,0.0
2020,August,-10.75,-68.25,0.0,0.0,0.0,0.0,0.0
2020,August,-10.75,-67.75,0.0,0.0,0.0,0.0,0.0
2020,August,-10.75,-67.25,0.0,0.0,0.0,0.0,0.0
2020,August,-10.75,-66.75,0.0,0.0,0.0,0.0,0.0
2020,August,-10.75,-66.25,0.0,0.0,0.0,0.0,0.0
2020,August,-10.75,-65.75,0.0,0.0,0.0,0.0,0.0
2020,August,-10.75,-65.25,0.0,0.0,0.0,0.0,0.0
2020,August,-10.75,-64.75,0.0,0.0,0.0,0.0,0.0
2020,August,-10.75,-64.25,0.0,0.0,0.0,0.0,0.0
2020,August,-10.75,-63.75,0.0,0.0,0.0,0.0,0.0
2020,August,-10.75,-63.25,0.0,0.0,0.0,0.0,0.0
2020,August,-10.75,-62.75,0.007268302142620087,0.00018098072905559093,0.03369985893368721,0.00216344790533185,0.00013521549408324063
2020,August,-10.75,-62.25,0.0,0.0,0.0,0.0,0.0
2020,August,-10.75,-61.75,0.0024848198518157005,3.081176691921428e-05,0.005737363360822201,0.00036832457408308983,2.3020285880193114e-05
2020,August,-10.75,-61.25,0.0,0.0,0.0,0.0,0.0
2020,August,-10.75,-60.75,0.0,0.0,0.0,0.0,0.0
2020,August,-10.75,-60.25,0.0,0.0,0.0,0.0,0.0
2020,August,-10.75,-59.75,0.0,0.0,0.0,0.0,0.0
2020,August,-10.75,-59.25,0.006846890784800053,0.00016911821148823947,0.03149097412824631,0.0020216431003063917,0.00012635269376914948
2020,August,-10.75,-58.75,0.0,0.0,0.0,0.0,0.0
2020,August,-10.75,-58.25,0.0,0.0,0.0,0.0,0.0
2020,August,-10.75,-57.75,0.0,0.0,0.0,0.0,0.0
2020,August,-10.75,-57.25,0.0,0.0,0.0,0.0,0.0
2020,August,-10.75,-56.75,0.0,0.0,0.0,0.0,0.0
2020,August,-10.75,-56.25,0.0,0.0,0.0,0.0,0.0
2020,August,-10.75,-55.75,0.0,0.0,0.0,0.0,0.0
2020,August,-10.75,-55.25,0.0,0.0,0.0,0.0,0.0
2020,August,-10.75,-54.75,0.004237605724483728,6.271656457101926e-05,0.011678256094455719,0.0007497152546420693,4.6857203415129334e-05
2020,August,-10.75,-54.25,0.0,0.0,0.0,0.0,0.0
2020,August,-10.75,-53.75,0.010820004157721996,0.00022505609376821667,0.041906993836164474,0.0026903257239609957,0.00016814535774756223
2020,August,-10.75,-53.25,0.0,0.0,0.0,0.0,0.0
2020,August,-10.75,-52.75,0.0,0.0,0.0,0.0,0.0
2020,August,-10.75,-52.25,0.0,0.0,0.0,0.0,0.0
2020,August,-10.75,-51.75,0.0,0.0,0.0,0.0,0.0
2020,August,-10.75,-51.25,0.0,0.0,0.0,0.0,0.0
2020,August,-10.75,-50.75,0.0,0.0,0.0,0.0,0.0
2020,August,-10.75,-50.25,0.0,0.0,0.0,0.0,0.0
2020,August,-10.75,-49.75,0.0,0.0,0.0,0.0,0.0
2020,August,-10.75,-49.25,0.0,0.0,0.0,0.0,0.0
2020,August,-10.75,-48.75,0.0,0.0,0.0,0.0,0.0
2020,August,-10.75,-48.25,0.0,0.0,0.0,0.0,0.0
